Date,Type,Description,Paid out,Paid in,Balance
01/03/2026,,BALANCE BROUGHT FORWARD,,,212418.55
02/03/2026,BGC,CAIRN & CO OUTFITTERS INV-KBS-2026-0102,,11284.20,223702.75
02/03/2026,BGC,PAYSTREAM SETTLEMENT WEBSHOP 23-01MAR,,38112.40,261815.15
03/03/2026,DD,PELHAM CLOUD SERVICES ACC-20417,2871.60,,258943.55
04/03/2026,FPO,NORTHFELL TEXTILES INV-2026-0207,14960.40,,243983.15
05/03/2026,DD,OAKRIDGE LOGISTICS FEB-26 STATEMENT,21448.92,,222534.23
06/03/2026,BGC,BRIGHTWATER RETAIL GRP REMIT 889104,,46220.00,268754.23
09/03/2026,BGC,PAYSTREAM SETTLEMENT WEBSHOP 02-08MAR,,41905.18,310659.41
10/03/2026,DD,LEDGERLEAF SOFTWARE SUBSCRIPTION,186.00,,310473.41
11/03/2026,FPO,HARBOURSIDE PRINT STUDIO 7734,1248.00,,309225.41
12/03/2026,BGC,FENWICK TRAIL STORES INV-KBS-2026-0088,,6412.80,315638.21
16/03/2026,BGC,PAYSTREAM SETTLEMENT WEBSHOP 09-15MAR,,44781.93,360420.14
17/03/2026,INT,"TIDEWELL PACKAGING TW-2026-0141 EUR 5,322.00",4512.33,,355907.81
18/03/2026,FEE,NON-STERLING TRANSACTION FEE,12.50,,355895.31
20/03/2026,DD,VAT PAYMENT 12 25 REF 318447126,58904.10,,296991.21
23/03/2026,BGC,PAYSTREAM SETTLEMENT WEBSHOP 16-22MAR,,49310.62,346301.83
24/03/2026,FPO,AVONMOUTH RACKING SYSTEMS FINAL 50%,42500.00,,303801.83
25/03/2026,SO,QUAYLINE PROPERTY RENT Q2 14 QUAYSIDE,11550.00,,292251.83
26/03/2026,BGC,PINECREST LEISURE LTD REMIT 00417,,18906.00,311157.83
27/03/2026,BAC,SALARIES MARCH 2026 (41 PAYMENTS),96382.71,,214775.12
27/03/2026,DD,PAYE NIC MONTH 12 120PX00418273,38714.29,,176060.83
30/03/2026,BGC,PAYSTREAM SETTLEMENT WEBSHOP 23-29MAR,,52846.07,228906.90
30/03/2026,DD,WORKPLACE PENSION MARCH CONTRIBS,8214.66,,220692.24
31/03/2026,DD,OAKRIDGE LOGISTICS FUEL SURCHARGE Q1,1873.40,,218818.84
31/03/2026,FEE,ACCOUNT FEE MARCH,64.50,,218754.34
31/03/2026,,BALANCE CARRIED FORWARD,,,218754.34
