Date,Day,Channel,Pillar,Post copy (draft),Asset,Owner,Status
06/07/2026,Mon,Photo feed,Community,"Where are you pitching this summer? Tag us in your camp photos with #KestrelBayOutside",UGC carousel (6 images),Jess Moreau,Posted
09/07/2026,Thu,Short video,How-to,"Pitch the Fellwalker 3 in under 6 minutes - timed by our warehouse team",Reel - FW3 pitch timelapse,Jess Moreau,Posted
13/07/2026,Mon,Email,Promotion,Summer sale week 2 - up to 30% off sleeping bags,Email banner set B,Aisha Karim (cover: Ellie),Posted
16/07/2026,Thu,Community page,Community,"Wild camping etiquette: leave no trace, 5 simple rules",Blog link + infographic,Jess Moreau,Posted
20/07/2026,Mon,Photo feed,Product,Emberlite 2 stove - breakfast in 4 minutes,Product still + recipe card,Jess Moreau,Posted
23/07/2026,Thu,Business network,Company,"We're hiring: Warehouse Team Leader, Avonmouth (link goes live 3 Aug)",Careers card,Sarah Whitlock,Moved to 03/08
27/07/2026,Mon,Short video,How-to,How to dry a wet tent at home without the mildew,Reel - drying tips,Jess Moreau,Posted
30/07/2026,Thu,Photo feed,Community,Staff picks: what our support team packs for a weekend in the Brecon Beacons,Staff photo series,Megan Tulloch,Posted
03/08/2026,Mon,Business network,Company,Warehouse Team Leader role now open - apply by 14 August,Careers card,Sarah Whitlock,Posted
06/08/2026,Thu,Email,Content,Base Camp newsletter August - festival camping kit list,Newsletter template v4,Ellie Fairbrother,Scheduled
10/08/2026,Mon,Photo feed,Product,Tarn 45L slate is back in stock,Product still,Jess Moreau,Scheduled
13/08/2026,Thu,Short video,How-to,"Packing a 45 litre rucksack: heavy stuff close to your back",Reel - packing demo,Jess Moreau,Draft
17/08/2026,Mon,Community page,Community,Photo competition: best sunrise from your tent - prize £150 voucher,Competition T&Cs page,Jess Moreau,Draft
24/08/2026,Mon,Photo feed,Brand,"Behind the scenes at Avonmouth - 100,000 orders picked since February",Warehouse photo set,Jess Moreau,Draft
31/08/2026,Mon,Short video,Campaign teaser,"Something is coming to the fells... 10.09",Teaser 15s - misty ridge,Ellie Fairbrother,Awaiting assets
03/09/2026,Thu,Photo feed,Campaign teaser,Countdown 7 days - Into the Fells,Countdown tile 1 of 3,Jess Moreau,Awaiting assets
07/09/2026,Mon,Email,Campaign teaser,Early access sign-up for Into the Fells,Email hero (campaign),Aisha Karim (cover: Ellie),Draft
10/09/2026,Thu,All channels,Campaign launch,INTO THE FELLS - AW26 collection live now,Hero film 60s + cutdowns,Ellie Fairbrother,Awaiting assets
14/09/2026,Mon,Short video,Campaign,Three ridges in one day with the Tarn 45L,Film cutdown 2,Jess Moreau,Planned
17/09/2026,Thu,Business network,Company,Meet us at the Outdoor Trade Expo - stand B14,Expo stand visual,James Corrigan,Planned
21/09/2026,Mon,Photo feed,Campaign,Customer stories: first wild camp,UGC carousel,Jess Moreau,Planned
28/09/2026,Mon,Email,Campaign,Into the Fells - the layering guide,Email + blog,Ellie Fairbrother,Planned
