Line,Jan-26,Feb-26,Mar-26,Apr-26,May-26,Jun-26,H1 actual,H1 budget,Variance,Variance %
Revenue - Online (DTC),151300,160800,204400,244600,281200,288900,1331200,1300000,31200,2.4%
Revenue - Wholesale,96600,104200,171900,189300,208500,196800,967300,980000,-12700,-1.3%
Revenue - Marketplaces,29400,31100,36700,42900,48600,50700,239400,240000,-600,-0.2%
Total revenue,277300,296100,413000,476800,538300,536400,2537900,2520000,17900,0.7%
Cost of goods sold,132500,140400,194500,223600,250800,251000,1192800,1184400,-8400,-0.7%
Gross profit,144800,155700,218500,253200,287500,285400,1345100,1335600,9500,0.7%
Staff costs (incl. NI and pension),116800,117200,118900,120400,121100,123600,718000,716000,-2000,-0.3%
Warehouse and premises,16900,17600,17600,17600,17800,17600,105100,105000,-100,-0.1%
Outbound delivery and fulfilment,15500,16600,23100,26700,30100,30000,142000,138600,-3400,-2.5%
Marketing and advertising,22400,23100,25300,33800,38900,36100,179600,180000,400,0.2%
Marketplace and payment fees,5600,5900,7500,8900,10200,10500,48600,46200,-2400,-5.2%
"IT, hosting and software",9800,9600,10400,9900,10100,9700,59500,60000,500,0.8%
Professional fees,3900,4100,7800,3600,5200,3900,28500,30000,1500,5.0%
Travel and trade shows,2100,6400,1800,2300,1900,4700,19200,16000,-3200,-20.0%
Other admin,5600,5400,6100,5700,5500,5800,34100,34000,-100,-0.3%
Total overheads,198600,205900,218500,228900,240800,241900,1334600,1325800,-8800,-0.7%
EBITDA,-53800,-50200,0,24300,46700,43500,10500,9800,700,7.1%
Depreciation,5400,5400,5400,5400,5400,5400,32400,32400,0,0.0%
Operating profit,-59200,-55600,-5400,18900,41300,38100,-21900,-22600,700,-3.1%
Gross margin %,52.2%,52.6%,52.9%,53.1%,53.4%,53.2%,53.0%,53.0%,,
