Employee,Employee no.,Team,Manager,Entitlement 2026 (days),Carried over,Taken to 31 Jul,Booked,Remaining,Sick days 2026,Absence notes (HR only)
Helen Marsh,KB-0101,Management,Philippa Rowe,28,2,12,5,13,0,
Tom Albright,KB-0102,Product & Digital,Helen Marsh,28,0,9,10,9,1,
Nadia Brennan,KB-0109,Finance,Helen Marsh,28,3,14,4,13,2,
Sarah Whitlock,KB-0115,Operations,Helen Marsh,27,1,11,6,11,0,
James Corrigan,KB-0118,Sales,Helen Marsh,27,0,13,5,9,3,Migraine x2 episodes; return-to-work interviews done
Ellie Fairbrother,KB-0121,Marketing,Helen Marsh,26,2,10,8,10,1,
Owen Pryce,KB-0124,IT,Nadia Brennan,26,0,8,5,13,0,
Dave Kinsella,KB-0126,Operations,Sarah Whitlock,26,0,15,3,8,6,Knee surgery 11-18 May; phased return; occupational health report on file
Megan Tulloch,KB-0131,Customer Support,Sarah Whitlock,25,0,7,10,8,2,
Lukas Brandt,KB-0135,Product & Digital,Tom Albright,25,4,16,3,10,0,Unpaid leave 5 days approved (wedding abroad) - not deducted from entitlement
Chloe Danes,KB-0138,Finance,Nadia Brennan,25,0,6,5,14,4,Anxiety - GP fit note 2-5 June; wellbeing plan agreed with SW
Ravi Menon,KB-0142,Product & Digital,Tom Albright,25,1,14,2,10,0,
Ben Hollis,KB-0145,Sales,James Corrigan,25,0,9,9,7,1,
Aisha Karim,KB-0149,Marketing,Ellie Fairbrother,25,0,0,0,25,0,Maternity leave from 6 April 2026; expected return April 2027; accruing holiday
Jess Moreau,KB-0151,Marketing,Ellie Fairbrother,25,2,12,6,9,1,
Sam Adeyemi,KB-0156,Product & Digital,Tom Albright,25,0,10,5,10,2,
Frankie Lowe,KB-0160,Operations,Sarah Whitlock,25,0,11,4,10,0,
Hannah Doyle,KB-0166,Customer Support,Megan Tulloch,25,0,8,8,9,9,Back pain - 3 episodes; Bradford factor 243; stage 1 review 12 August
Callum Reid,KB-0171,Operations,Dave Kinsella,25,0,10,5,10,1,
Nia Evans,KB-0174,Operations,Dave Kinsella,25,0,12,3,10,0,Compassionate leave 3 days (bereavement) in March - paid
Marek Zielinski,KB-0179,Operations,Dave Kinsella,25,0,9,10,6,2,
Daniel Hughes,KB-0187,Customer Support,Megan Tulloch,25,0,6,4,15,1,
Grace Fielding,KB-0190,Operations,Dave Kinsella,23,0,4,2,17,0,Pro rata - started 2 February 2026
